,precision,recall,f1-score,support
0,0.8695652173913043,0.8928571428571429,0.8810572687224669,112.0
1,0.8857142857142857,0.8611111111111112,0.8732394366197183,108.0
accuracy,0.8772727272727273,0.8772727272727273,0.8772727272727273,0.8772727272727273
macro avg,0.8776397515527949,0.876984126984127,0.8771483526710926,220.0
weighted avg,0.8774929418407679,0.8772727272727273,0.8772194238720267,220.0
